query_id,query_text
2001150,how often should a 60 year old lift weights
471153,how to disable security software temporarily
4146142,what makes florida special
3546964,how to upcycle old clothing
3541044,how to fix waney edge cladding
2009255,how to reference a picture from a book
1996814,how did the simulated experience of linda waterfall’s case make you feel?
8742902,what color is your birth
1080004,when was myocarditis discovered
6610960,how to help gorillas
473198,how to hacking wifi network
472651,how to get gta 5 for free on pc on windows 10
1086996,why does my toilet run every 5 minutes
3539620,how to cure pork ham
3543616,how to make website easily
8141918,how to bleed ac system car
471762,how to export a database in sql server
8747370,what is natural light photography
3531989,how big was the crowd on jan 6th
8742783,what causes the tip of my tongue to burn
6610303,how to get free shipping from amazon
3540281,how to draw a girl easy
7209951,what does blackpill mean
4147074,what to put in bridal shower favor bags
463970,how do i say youre my love and hero elowuent!y
2604220,what drugs make you hallucinate
6611149,how to insert a solid line in word
5081342,how to super compress a pdf
4146986,what to do with oil after deep frying
2603066,what do i do when i drop my phone in water
3538716,how to check if marriage is registered
5080329,how to restrict remote desktop user access
1996723,how did jill biden meet joe biden
1086715,why do people believe conspiracy theories
5684385,when was joel osteen divorced
1087901,why therapy doesn't work for some people
5677297,what is a transfer airport for usps
5082359,how to view only fans for free
4142989,what is deca steroid
476377,how to restart application into unhandledexception by vb.net
7212781,what is data privacy and why is it important
8150573,how to tell someone to be more confident
2005236,how to find roblox codes
5683739,when does pansear learn ember
1076655,what kind of substance is being represented by the structure below?
8744804,what happens on st patrick's day
4897381,does biotin help your hair grow
5678016,what is delta h
8755036,which eboy are you quiz
2619899,why filioque should not divide christians
1073858,what is externality?
477023,how to show love to yourself
3542313,how to install a home safe
4156334,why does razer synapse update so much
1076968,what planets are in retrograde today
3543652,how to make your own roblox accessory
1996363,how big is a groundhog
5684440,when was the trinity introduced in the bible
4147013,what to eat with gallbladder pain
7211113,what happens in church
5678897,what is my medicare id number
2605077,what is a convict
5680579,what is the sign for hello
5676255,what happened to mr fresh asian
3537035,how pizza is made
4143653,what is low rank matrix
1074367,what is little christmas 2021
2607427,what is peppercorn sauce
8150005,how to shuffle a string in java
3546941,how to unlock supreme king jaden
2605304,what is a loan offset
7213560,what is messages app
5684253,when to leave wound open to air
4144469,what is sketchup viewer
8746197,what is cbd oil
3539890,how to determine biological age
5076980,how to give aman ablojob
1070020,what can you do in a minute
3542620,how to kill mites in your home and carpet
473286,how to homeschool high school students
5074406,how to convince someone to go to therapy
6603085,how long before you can walk on tile floor
4143868,what is my ip adress .com
1072942,what is a toilet slave
3537487,how to add quarters in excel pivot table
8749213,what is water cycle in short
5074196,how to configure configuration manager
3537944,how to become notary texas
8138246,how long did bill cowher coach steelers
6601472,how do i apply for my ex husbands social security
7212627,what is community development approach
2010174,how to set fire stick 4k remote to different tv
4143083,what is dynabook inc system
2009280,how to register for toyhouse
3547432,how to watch ginny and georgia for free
8747407,what is nodejs used for?
8151320,how to use my samsung tablet
4142508,what is anatomy and physiology 1
8760339,why is my msn in chinese
6612739,how to move the taskbar to the left windows 11
8760006,why has my cat become clingy
6602557,how does the mona lisa represent the louvre
5678114,what is ectomorph mesomorph endomorph
3539808,how to delete photos from fire 8
2008929,how to pronounce saja
8143099,how to connect a super nintendo to a smart tv
8136587,how do i change from edge to explorer
1086159,why are primaries important
477374,how to store seeds
1998883,how long does it take to cook menudo
2602267,what are the symptoms of too much potassium
2604321,what format for usb recovery drive
6611024,how to identify a beech tree
1072185,what if trotsky came to power
5690883,why did henry viii break from rome
5686857,which is the graph of f(x) = 3?
7215379,what is the state pension age for men uk
8148639,how to read a liberty 100 gas meter
4139309,what causes high osmolality?
8745145,what is a catchy slogan
465393,how long do nexplanon last
2002222,how to beat a recession
8150776,how to treat oral thrush in babies
4143611,what is legacy server
5081321,how to style button in react native
2001209,how old can tieflings be
4897470,does covid produce mucus
6614481,how to screen record with nvidia geforce
2603808,what does mast stand for
7211201,what helps with congestion
463005,how all the diversity in skin color from adam and eve
4142684,what is breath play
8138618,how long is a house
2609794,what shows are on sling
8142603,how to change usb to bootable
1997935,how does propofol work
5067651,how do i find out who owns a property for free
8142597,how to change time on fitbit one
3532009,how can a blocked number still call me
2602266,what are the symptoms of the delta virus
5681705,what streaming service is american psycho on
2604763,what hormone drops after menstruation
8151427,how to use vampire seduction power
8148973,how to remove fish bone from throat
293256,does cbd help with ed
5076946,how to get world edit for minecraft
7967245,does bob dylan have children
469650,how to change color in javascript
2001436,how power hinder self awareness
5678388,what is happening with hurricane ida
5072175,how swami vivekananda die
3545474,how to save file in onedrive
1070602,what do i need to travel to lanzarote?
3545866,how to shave a saluki whippet
8749260,what is working from heights
1076641,what kind of moustache did hitler have
1079372,when friends don't call after mom dies
7226623,why is my dogs poo black
1073767,what is dtsc
8149610,how to screenshot logi keyboard
2005489,how to format external ssd
2006209,how to get the flying car in vehicle sim
7218233,when can you renew your us passport
8744162,what does slmb pay
2605777,what is an ethernet switch?
4143130,what is envi software
8148247,how to play multiplayer fallout 4
6611293,how to install minikube
3537713,how to apply ird number
8151406,how to use the pampered chef pizza stone
3532693,how do i get my trophies home south africa
5073395,how to carmelize walnuts
6602437,how does mold affect your health
5681560,what should you commit to your family members?
6615384,how to teach dyslexic kids to read
8145470,how to get free mantis blades cyberpunk 2077
7210567,what does the president do as chief of state
2004020,how to create pdf in iphone
3547794,how were you referred to aricent answer
3541446,how to get furniture blueprints islands
1072326,what is a bedside swallow evaluation
5080750,how to set a cell as a variable in vba
470077,how to cite powerpoint in mla
8745368,what is a heterogeneous mixture examples
3542924,how to make a cv template
3540054,how to do hack a nintendo switch
464171,how do you check the sunroof motor on a car?
1074256,what is ips
1070872,what does american sourced material mean
3542592,how to keep rabbits out of your garden
1073269,what is ativan drug
473093,how to give feedback to boss
5078659,how to make voice changer work on discord
1074219,what is industrial and systems engineering
8144534,how to enable windows secure boot
3545072,how to repair myelin
4147150,what to write in a letter to a lawyer requesting services?
7226444,why is communication important in leadership
3538417,how to caulk bathroom
8151389,how to use stickers in imessage
2007282,how to lock whatsapp in windows 10
8750379,what to do with old gas
8752853,when was the mechanical clock invented
7216769,what to do when amazon sends the wrong item
3546439,how to take ostarine drops
7216852,what to eat with abscess tooth
6606686,how to become a foreign currency trader
2619331,why do blood pressure readings vary so much with cuff positioning
1087185,why is an electrolyte able to conduct electricity while a nonelectrolyte cannot?
1087963,why was john locke important to enlightenment
6613451,how to put shaders in tlauncher
5675961,what drugs are used for ms
6611413,how to investigate community center
6607839,how to collect emails for email marketing
7215038,what is the meaning of prophecy in the bible
1069465,what are some of the ways citizens can participate in government
1827250,does flour spoil
1071353,what does pee stand for
6603482,how long does the delta variant remain suspended in the air
5081086,how to split capital gains from sale of home
1998776,how long does bordetella vac last
4138449,what are cicada shells
2619684,why does greg gutfeld dislike chris wallace
2619274,why did the dow plunge today
8150590,how to tell your spouse divorce
7209788,what does a contract lawyer do
2009430,how to remove marks from face
6610949,how to heat above ground pool
2611919,when does pilot season start
4147169,what tube lines are on strike
7213661,what is my current location
4138809,what are the exemptions for not getting the covid vaccine
1075586,what is the difference between 1099-nec and 1099-misc
7208114,what action by germany started ww2
8744304,what does the sun symbolise
1827113,does cheat engine work on warframe
478319,how to use loop in pyspark
8151755,how to write a will in new york state
468280,how strong is dabi
1086873,why does burnout happen
3544624,how to read code
2606105,what is champs
6606509,how to archive outlook emails
7226512,why is health canada banning fully loaded chew
7225240,why am i so bipolar
3538289,how to calculate the shaded area of a shape
6603045,how long after tooth extraction coffee
1070808,what does a hot flash feel like
2605643,what is a website
5684114,when should a hyphen be used between words
293693,does prednisone help eczema
6431854,does a snorkel improve fuel economy
4143169,what is fallacy in philosophy
7211556,what is a drop box in computer terms
4152308,which of the following statements about knowledge workers is not true?
6611258,how to install forza 7
8745868,what is an angio gram
7226827,why is trust and respect important
2602867,what days are the markets closed 2022
2619183,why did he leave me quiz
5067134,how can iot benefit healthcare
3539361,how to cook salt beef
1070768,what does a basal cell look like
8756083,which sentence uses the time-related term correctly?
8741941,what are lead acid battery used for
1071443,what does stamp duty mean
5073911,how to cite a poster presentation on cv
1070373,"what county is raleigh, nc in"
478199,how to use apple car play ford
8760210,why is inclusive language important
7218945,when people hit rock bottom]
8141244,how the scots invented the modern world pdf
8149179,how to replace dell laptop battery
2603606,what does gluten free bread taste like
1070285,what color lipstick for my skin tone
8142644,how to charge dead club car batteries
1077067,what restrictions remain after 19th july?
2612870,"when you're asking for a favor, it's first important to explain _____."
1073584,what is control variables
1073432,what is calf manna
3544300,how to pray the divine office step by step
6605619,how mutch did the salvation army make last year
2003714,how to cook baked cabbage
8749986,what state has the lowest covid rates
3547318,how to use split screen
8755926,which of these should be avoided for an effective speech?
475367,how to play mkv files
1077609,what to do when your post office travel money card expires?
6610222,how to get data from a file python
8760047,why information systems are important to an organisation.
8748607,what is the marketing mix
8146922,how to look up business ein number
5074654,how to create a signature field in adobe
4141970,what is a memorandum of understanding uk
3533569,how does rosemary help hair growth
5074066,how to clear credit record
3545262,how to respond to foia request
4143278,what is glass filled ruby
6601519,how do i compress a pdf file
2006895,how to install opencv in google colab
5068090,how do you enable text to speech?
7212187,what is an avm in colon?
5074596,how to create a business plan template
1074682,what is nuclear winter
464782,how does tracking work
7212476,what is buffalo trace selling today
8747849,what is shawarma
1827682,does technology cause social isolation
1074879,what is prisma cloud
8150954,how to uninstall adb drivers
3538086,how to build an air cannon
8142060,how to build credit
4143168,what is facha
2007328,how to lose weight around your neck and chin
5674456,what causes roaring in ears
1073655,what is cyberwhistle
3546793,how to turn fire tablet into android
5680361,what is the news of nio ev stock?
4152140,which of the following is not a type of audit opinion?
2603694,what does it mean if your hands are cold
6615406,how to tell if an emotionally unavailable man likes you
8742263,what are the methods for structuring and presenting information called?
5068805,how general anesthesia works
8148593,how to put songs on osu
464353,how do you pronounce piazza
8745553,what is a pptp connection
5067914,how do lobsters see
1997129,how do i know what windows version my pc is
2007826,how to make fruit salad for kids
4142974,what is dallas tx time zone
2002462,how to build a water heater closet
1998133,how far is skidmore college from saratoga race course
2603055,what do high nitrates indicate
4145323,what is the mental health act 2007
4149083,when judges crush american idol
3537384,how to add column to a table
5082066,how to use books in speech therapy
3533384,how does ascap and bmi's find violaters
4142846,what is communication of social work
8141933,how to block mac address on pldt wifi
7967224,does barron trump have autisim
4139225,what can you make with watermelon
478374,how to use redeem code in fortnite
1086586,why do evangelicals support trump
6611412,how to invest in upstox for beginners
4146644,what steps must the police take to effectively communicate with the public?
476548,how to save a file in pgadmin
463096,how big is 1/4 illustration board
5079504,how to protect workers in the unorganised sector?
2006880,how to install mods to blade and sorcery
4142293,what is a wet lease
2604771,what i bring to the team
6616394,how to whitewash cedar walls
8744698,what happened to robert palmer
6612540,how to make xlookup return multiple values
8747275,what is mms group text
464885,how far to relocate chipmunk
2001438,how powerful is turkey
1075548,what is the current fiscal year
2011846,how to vote for california recall
8742972,what countries were neutral in world war ii
474360,how to make creamy leche flan
5680255,what is the meaning of a karen
8759707,why do women move on so fast
8744945,what if you use wrong birthday when booking flight
2011586,how to use dawn dish soap for fleas
6613103,how to play roar on piano
2005951,how to get more cookies per click
475939,how to regrow gum line
5072409,how to add coupons on steam
5678842,what is monmouth like
475409,how to ploitely put your view across regarding vaccination and borders
5676980,what is a living trust definition
3537234,how thick is the inner core
4138701,what are tax brackets for 2022
1996902,how do f1 drivers travel between races
5675785,what does the bible say about judging
8746997,what is israel's vaccination rate
6606499,how to apply press on nails
2602791,what countries have banned glyphosate
3544724,how to reduce carbon footprint in construction
2605035,what is a chesterfield
2609301,what kind of paint for terracotta pots
6608161,how to cook frozen kishke
471089,how to determine a business valuation
2610002,what time do the polls close tonight
5079134,how to pay my barclaycard bill
6608005,how to contact kim reynolds
4138311,what adaptive explanations do paleoanthropologists give for the unique features of primates?
4143606,what is learned in deep uncalibrated photometric stereo?
2604088,what does the name buddha mean?
1998444,how is the incest situation outlook
5687425,which of the following shows the extraneous solution to the logarithmic equation?
475093,how to open xlsx file in r
7216185,what really happened us
3540829,how to find repossessed homes
3532218,how common is leprosy today
7213016,what is first degree heart block
5674647,what country is sochi in
5069565,how long does the coronavirus booster last
3542232,how to increase payment limit nab
3540965,how to fix bluetooth on mac
470783,how to create sparkles in photoshop
2620163,why is martin luther king so important
6602288,how does a web crawler work?
5078082,how to make a railroad crossing in minecraft
4147189,what type of debt has the highest consumer debt balance?
1073823,what is endodontic
4147361,what was the longoria affair and why was it controversial?
5675095,what does a double top indicate
8143066,how to compress into zip
6602644,how far apart should gladiolus be planted
8150569,how to tell my friend in asexual
5078853,how to move an entire row in excel
472049,how to find sds sheets online
2002439,how to build a paling fence australia
4142090,what is a public house
2609768,what should i name my pet rock
8759149,why can't i turn off safe search
4143239,what is fragment
474969,how to name organic compound
1998537,how long before morning glories bloom
6614425,how to say adhd in spanish
5673437,what age can you start a roth ira
5073930,how to cite poetry chicago
6614926,how to solve derivatives on a ti-84
8143613,how to create executive summary
2002561,how to calculate can bus load
5691011,why did will smith hit chris rock
8752958,when will osha mandate vaccines
2619237,why did naomi watts divorce liev schreiber
4140270,what does exchange of contracts mean
476631,how to scan image online
6614834,how to show full number in excel cell
293566,does matted fur hurt cats
8146115,how to harden sand
8151175,how to use as such in a sentence
3362227,does microsoft have a google voice equivalent
5678725,what is mana coin
6613520,how to read bollinger band charts
1073972,what is general ledger accounting
5078597,how to make slime with dawn
5073994,how to clean glass oven door
2005180,how to find out how much tax will be deducted
5068184,how do you know if your tablet has a virus
8142448,how to change colors on cyberpower keyboard
5072682,how to apply for grab license
6607100,how to calculate transformer inrush current
5077495,how to install shark bite valve
6603422,how long does it take to recover from gastric sleeve
4898066,does your employer have to pay for covid leave
8745499,what is a notch baby
2005909,how to get kibble in ark
2619763,why does my laptop show a hidden network
6610557,how to get rid of dry feet
5684161,when someone very special dies
2608366,what is the guiding principle of scientific management?
8749805,what rhymes with panicking
5068364,how does a cnc plasma cutter work
6606417,how to animate models in moon animator
8743653,what does cope stand for
293208,does being cold raise blood pressure
5069205,how long can you live without your liver
4155600,why can't i get comfortable in bed
3537262,how to access criminal records for free
6613130,how to play vcr tapes on smart tv
8758964,why are holidays so expensive 2022
5076423,how to get car report
7214307,what is speedpass
6616381,how to wear a tuxedo
6616482,how to write a cover letter?
3538276,how to calculate schedule variance
8143545,how to create a new file with python
7216909,what to make with leftover pork loin
2607030,what is maintenance
1079134,when did the uk vote to leave the eu
4151488,which are examples of perfectly inelastic collisions? check all that apply.
8144893,how to find property sales history
5079944,how to remove error in excel
1086909,why does he want to see me after two years
3544206,how to play jerusalem by cityalight on guitar
5072995,how to boil lobster tails at home
3541431,how to get free windows activation key
3532076,how can i get mariah carey cookies
2011387,how to unzip online
470989,how to delete data from ui in database with javafx
477129,how to sort in map
3546951,how to unpin chat from taskbar windows 11
7218190,when can i add fish to my tank
1074762,what is par 30
7211696,what is a level 3 qualification equivalent to?
6608755,how to determine diabetes
8752705,when to split crocosmia
2620561,why should employees care about diversity equity and inclusion
5690640,why are san marzano tomatoes better
8136835,how do i see my icloud photos on my phone
6602637,how exercise affects blood sugar
3546714,how to travel around venice
2011446,how to upgrade log4j-1.2.17.jar
463695,how do i book a booster jab
1997993,how does the field of science gain knowledge and understanding
6611849,how to make a gbody hook drag race
3539673,how to date a petters stationary engine
2608973,what is the zodiac sign for december 3
8145577,how to get long thin fingers
7214190,what is sds
478219,how to use bromine in a hot tub
8746321,what is considered a low triglyceride level
4138602,what are non standard units
2004119,how to cut toenails correctly
7211986,what is a system 7 lotto
2007573,how to make a tie rug
7214216,what is service fee on airbnb
8149181,how to replace front leg on a hagie sprayer
8746728,what is gen z age range
5074909,how to deduct el in hrms
6616598,how to write research report
8141763,how to bake crispy turkey wings
6612286,how to make low calorie gravy
8743636,what does central tendency tell us about data
7208994,what can you do with a sublimation printer
2604078,what does the hourglass emoji mean
7217378,what would you do in the first
7210185,what does it mean to bounce a server
4141521,what is 1kw
3547609,how to write a post
4146825,what time zone is florida in?
8146495,how to install systemctl in linux
7226201,why does my phone keep crashing
3545418,how to run in demon fall roblox
4146002,what is your understanding of history
6615862,how to unshare onedrive files
1076273,what is the use of alkaline water
4152623,which slytherin character are you buzzfeed
3544106,how to pick a random number in java
4145117,what is the future of slp
5080123,how to repair gutters
5075735,how to extract silver
8151636,how to wire money for closing
1077208,what siren does illinois state police use
2008940,how to prop up 6f garden wall
2601655,what age rating is squid game
3543238,how to make clay minion
5687722,which set or sets is the number 2.77 is an element of?
2602257,what are the stones in the crosses of massimo maria melis?
3538343,how to cancel epix trial
1072379,what is a career coach
6608872,how to do a bibliographic citation
6606833,how to brew coffee in vintage corning ware pot
5078782,how to memorize capitals
8742052,what are some examples of slave cemeteries in virginia?
7214690,what is the definition of employability
6609282,how to edit pdf
1071821,what happen to ashling murphy
3534309,how long do you have natural immunity from covid
6610473,how to get organized and declutter
5692299,why should we not lower the voting age
8760178,why is global citizenship important
469665,how to change culture
8752710,when to stop harvesting asparagus
5684513,when will ipad 6th gen stop updating
7219007,when should you trim butterfly bushes
463799,how do i find my spanish greyhounds racing history
5675263,what does c represent in an antiderivative?
5067700,how do i get proof of covid-19 travel passport
5692448,why we celebrate dussehra
6610167,how to get bloodhunt on pc
8151113,how to use a direct box
8743145,what did xian trade on the silk road
3540306,how to draw jessie and james pokemon
7967142,does a roots blower in bracket racing?
3539838,how to demonstrate ownership in the workplace
4145513,what is the recommended calorie intake for me
6614776,how to setup pandora radio on yamaha rx v6a
7226513,why is healthy eating important for kids
472440,how to get aib registration number
5692109,why is the sum of all relative frequencies equal to 1?
5080203,how to reply to thank you for your service
6605903,how phones contribute to propaganda
2605754,what is an eb-3 visa
7215150,what is the new shingles vaccine
2005999,how to get onto teams
8150001,how to shower with your wife
471876,how to find 25th quartile in excel
6600995,how can i closr an accout with walmart
8748341,what is the difference between a waxing moon and a waning moon?
471914,how to find capitalization rate
1078877,when alkaline i2 solution is added to butanone
6612789,how to open a .mht file
2008208,how to measure for wide fit shoes
7213407,what is kingdom now theology
2610704,what were james dean's autopsy
478236,how to use click to move on roblox pc
4141783,what is a dual system knitting machine
5684149,when should you use capitals
5077817,how to link pc to pc
3537677,how to apply for bursary
7211473,what is a chaps payment uk
5077674,how to kill someone with kindness
5080580,how to seal limestone hearth
5684156,when somebody loved me chords
4147092,what to say to him in bed
6610861,how to grow psilocybe ovoideocystidiata
4139564,what county is newkirk ok in
1077589,what to do when acrylic nails grow out
7216066,what percentage of juvenile delinquency cases involves males?
469625,how to change administrator name
8151438,how to use white vinegar as fabric softener
478737,how to write a python function
5674750,what did dutty boukman do
3541316,how to get cat urine out of a mattress
1073609,what is covid exposure?
475508,how to prevent low hemoglobin
472986,how to get through to edd
3547621,how to write a science experiment conclusion
3532144,how can pubic lice be transmitted
469896,how to check for stimulus check irs?
2602119,what are the extracranial arteries
3545224,how to reset mac password from terminal
2005614,how to get a nis number in jamaica
7217011,what to wear on a yacht cruise
2002174,how to bake rabbit in the oven
8748216,what is the book shatter me about
3539433,how to craft a bike in pixelmon
7214319,what is spynet
4140688,what does stephen king read
5680156,what is the importance of product life cycle
2606503,what is facial expression
2002217,how to be proactive
2605404,what is a p50 schedule
5073212,how to calculate datetime difference in excel
1998445,how is the love song of j. alfred modern
8755764,which of the following statement is not correct
471532,how to draw clip art
5073460,how to change auto trans on a 2011 chev 4x4
8752738,when to use crabgrass killer
5682098,what to look for in binoculars
6601762,how do i stop spam risk calls on my iphone
3531825,how accurate are covid rapid tests
1075772,what is the holy ghost spirit
3546399,how to take a cat on a plane
1996640,how deadly is the coronavirus
5068539,how does montaigne's impressions of non-europeans contrast with other european accounts
2004034,how to create spyware
8748844,what is the raise for social security in 2021
475733,how to put your own wallpaper on chrome
5673914,what are the four rotator cuff muscles?
8149621,how to seal slate tile
6612724,how to move multiple columns into one column
5680704,what is the value of a gold coin
1073698,what is design thinking for kids
8142081,how to burn iso to dvd
5081619,how to top up myki
465719,how long is a giraffe's esophagus
6610448,how to get my onlyfans account back
7967687,does pakistan follow sharia law
1997685,how does a gas generator work
6614135,how to reset a windows 11
5678166,what is ethical organization
7212864,what is dmso cream
2602319,what are users in chat twitch
6614679,how to set password for excel file
2609046,what is type 2 bipolar
8146618,how to keep chipmunks out of planters
4144505,what is somatic therapy and how does it work
8151099,how to upload image in react js
7225873,why do meth addicts pick skin
7214277,what is socialism ideology
6614705,how to set up a trust for an estate
4144055,what is organic milk made of
5076438,how to get clash royale without google play
3547128,how to use cheats on the forest ps4
1079918,when to use ihrem in german
4147304,what was jesus occupation
7210382,what does prime mean
3546681,how to transfer money to ukraine on euro account
7214234,"what is showrooming, and how has it affected offline retailers?"
8750041,what telephone number is this
5684118,when should hummingbird feeders be removed
5080275,how to resize a 2d vector c++
472353,how to get 40000 dollars fast
8136816,how do i remove a background in photoshop
5077177,how to hide bots on discord
2610743,what will the ss increase be in 2022
7227099,why use jupyter notebook over ides
3537799,how to bake a whole squash in the oven
5676132,what goes with lobster meal
4141281,what happens in diarrhea
5081366,how to switch off google assistant android
4147533,what would jesus say about abortion
4146522,what should i stock up on now
8745874,what is an arcoaire furnace model # n8mpn075b12a1 btu ?
465031,how is a user story defined in agile
8145213,how to get a chinese name in roblox
2619523,why do people take illegal drugs
1079357,when does uk play basketball again
3545995,how to snore louder
6606512,how to ask a bi male for sex correctly
7967237,does biscoff have nuts
8745712,what is a thermostatic electric shower
3545715,how to seperate full name in excel
7218468,when do you use ' '
7967860,does the quran mention muhammad
7209654,what do the letters on national insurance numbers mean?
469005,how to beat ark the island
1086813,why do we pray bible verses
4897673,does lexapro help with my tinitus
3540592,how to feed cat in minecraft
6605925,how reading books fosters language development around the world
3546525,how to tell jokes for kids
5069844,how long to tempurpedic mattresses last
8759440,why do gamers use two monitors
5680194,what is the latest windows 10 version number
7216929,what to preach during lent
8745213,what is a cvp graph
8149123,how to renew driving license online
5082304,how to use unity game maker
6611949,how to make a robots.txt file
8744323,what does this excerpt from shakespeare’s twelfth night reveal about duke orsino?
5078758,how to measure curtain width for window
5675278,what does ccp stand for in school
7211207,what horizontal datum does google earth use
4144876,what is the climate in toronto
5071780,how often do electrics need checking
4139306,what causes havana syndrome
3543042,how to make a ppt on laptop
2003925,how to create a matrix in powerpoint
2619989,why is alexa down
5074431,how to cook beef rib roast bone-in
2003625,how to convert date to week number
8150472,how to take blood pressure machine
2612653,when were box springs invented
2619668,why does echo show go dark
3539008,how to combine pdf microsoft edge
7226078,why does alton towers close so early
4146583,what size suit jacket
8147425,how to make graphs in excell
4149468,when was the last pandemic in the us
1827831,does zoom recording record your screen
2620457,why learn serbian
5066986,how big was ancalagon the black
3542203,how to improve quality of pdf
5677815,what is church leadership
2610023,what time does the sun set in new jersey
5068739,how far is cana from nazareth
468114,how old was abraham when he married keturah
8150004,how to shrink size of jpg
2005714,how to get boom boom
4145919,what is whole numbers in mathematics
476940,how to set up triple monitors on laptop
1069591,what are the different climates
8745183,what is a considered purchase
4157203,why turkish airline flight cancel to india
2005630,how to get a ride to a colonoscopy
7967875,does this cam is ok for my 440 dodge 21-404-4
1996846,how do abortions harm women
465611,how long does it take to get to round 100
8751993,when do puppy get teeth
4151735,which hunchback character are you disney
7215766,what killed hank aaron
7221297,which attribute is not valid for <body> tag?
6616021,how to use contact form 7
5081473,how to tank a cellar
2612433,when to get covid booster after monoclonal antibody infusion
478535,how to watch fruits basket in order
4139633,what did curt schilling say to get fired
7219230,when was billie eilish born
2002093,how to archive folder in outlook
1072711,what is a nonogram puzzle
6602953,how is sampling used to store audio recording
8136053,how can companies be more inclusive
1075100,what is siro
8754880,which are the most authoritative books on the jfk assassination?
1069304,what are grand design walls made from?
2601907,what are origin and steam
2011885,how to watch movies on imdb free
8747808,what is science worksheet answers
5069195,how long can you have pneumonia
1079238,when does a male stop growing in height
4138319,what age are puppies
2003321,how to clean filter in samsung dishwasher
8746498,what is drew breeze up to
6609390,how to estimate solutions using a graph
3541719,how to get rid of puppets in hoi4
8146855,how to load gift card amazon
5684512,when will i retire calculator
7210304,what does mitigating mean
6616639,how tribals play a crucial role in environment conservation?
5067332,how did foreigners begin to gain control over china
6612848,how to optimize windows 10 for gaming
5069616,how long horses live
8749652,what park is rise of the resistance in
1071251,what does low latency do
1827475,does miso have to be refrigerated
3534574,how long for amlodipine to work
3537499,how to add signature in pan card online
4143022,what is difference in costco memberships
1077389,what the fastest car in jailbreak
2603506,what does collateral beauty mean
3545587,how to search up discord users
2608292,what is the employment relations act 1999
8744791,what happens if you still test positive after 10 days isolation
1075485,what is the chemical formula for natural gas
2603369,what does a taurus act like
293838,does the generic form of ambien cause headaches
6607133,how to calm someone with schizophrenia
7210301,what does millage mean
7215935,what modern african management thought
4156925,why is the moon white
473433,how to insert a comma in excel text
3543295,how to make edge work as internet explorer
4155954,why do jamaicans eat bun and cheese at easter
4149394,when was chesa boudin elected
7211290,what injustices have the armenians suffered in their history
1074308,what is kava kava tea
3543823,how to move on from your baby momma
4142998,what is delta 8
3362446,does the mit cross have positive traction
6611847,how to make a game like pokemon in roblox
2002284,how to become azure certified
8742679,what causes clutch failure
3541477,how to get haunted pumpkin blooket
2011829,how to view court documents online
4143282,what is gmwb
2009998,how to search hole laptop for videos mac
1074369,what is live search
1071080,what does happiness means
2605999,what is boosting a discord server
5072234,how the globalization of politics affect the us during the pandemic
8749837,what season is it usa
4156103,why do we need foreign exchange
6615664,how to trst output transisters in a peavey cs800
2005106,how to find crappie with a depth finder
7215578,what is tts syndrome
5069263,how long do hives rashes last
6603453,how long does natera test results take
4145289,what is the meaning of kayden
8138585,how long for phentermine to kick in
8151591,how to wear white sneakers
8136669,how do i find my irs pin
6615291,how to switch to frame in selenium
1077165,what should my edpi be
475399,how to play the panzer iv h in wot
6613716,how to rehome my dog
5076442,how to get colleges to mail you stuff
4138993,what are thought disorders
471581,how to dry out hot peppers
1086294,why cant i launch fifa 22
3542587,how to keep morel mushrooms fresh longer
8752556,when should you charge laptop
469996,how to check the graphic card in windows 11
4144352,what is rtp in sap mm
8752863,when was thw rock house built in twin pines ca
475500,how to prevent cramp
2608751,what is the replacement for stihl ignition coil 4137 1304 438
7216121,what power supply do i need
8145850,how to get supure kai of time in xenoverse
6616504,how to write a personal summary
4147063,what to make with shrimp for dinner
2610623,what was the egyptians religion
8760562,why isn't my valorant updating
6614789,how to sex baby bunnies
8136047,how can an amendment be added to constitution
1086270,why can't i poop
7215966,what name is given to infections that occur in a hospital
5674160,what bfb character are you
6607089,how to calculate the dew point
5079439,how to pronounce almond correctly
5076101,how to fix a wall socket
1997419,how do you control quality
2604553,what happened to taylor momsen
5078492,how to make nandos spicy rice at home
6607987,how to consolidate text excel
8137151,how do you know if you like someone quiz
4155987,why do my hips ache when i walk
6602877,how is an a frame house insulated
8744241,what does the cdc consider to be immunocompromised
474545,how to make nether wart
7211508,what is a covid cough sound like
1082128,which browsers have flash
5074154,how to communicate with deaf people
4139609,what degrees do you need to be a marine biologist
5076705,how to get pvp titles in tbc classic
2002635,how to calculate rsi indicator
6605866,how old was anakin when he became a knight
8144656,how to fasten cabinets together
293417,does golo work
8742046,what are some domestic policies
7213485,what is made of iron around the house
6608423,how to create fellowship among believers
1069478,what are sonia sotomayor's achievements
2615598,which of the following senses is mediated by mechanoreceptors
8145707,how to get rid of a callus on toe
5678055,what is disk compression
8138035,how is power metered at large buildings
6616450,how to work out holiday for part time staff
478602,how to wet the bed
3533374,how does amoxicillin work?
4143675,what is macos base system
8744003,what does mono% mean
2006932,how to install scoop windows 11
4155932,why do i have to break in a composite bat
6615388,how to teach verbs to kids
7226233,why does our voice sound different on tape
2004137,how to deal with colic baby
472398,how to get a knockback 1000 stick in minecraft java
3545433,how to run python file in linux terminal
2603865,what does nofollow link mean
5073088,how to build a tesla charging station
8744458,what field must be completed first before the assignment can be created?
467854,how often answer options
8744867,what happens with the expired learners licenses in south africa
6606993,how to calculate ac power
1086858,why does a coin appear raised in water
2001926,how to add your resume on linkedin
7213335,what is intracytoplasmic sperm injection
2003053,how to change winpty python in a script to run in atom
2602619,what causes metabolic alkalosis in neonates
8138004,how is it coming along 意味
4157122,why should i put my cash in a bank
8142925,how to clean sticky juice from furniture
4145668,what is the torah?
6609203,how to dress in drag
7225585,why did eva peron die
7216641,what time ufc fight tonight
3546646,how to train arms
7212071,what is a zodiac sign?
8744588,what happened in 1902
2010654,how to stop insects eating plant leaves
5690521,why are abstract classes used
2619391,why do i get headaches when i masterbate
8142754,how to check right to work in uk
2008426,how to open pepper grinder to refill
1073928,what is forensic genealogy
4146516,what should i do ビジネス
6608892,how to do a scraecrow on a trampoline wakeboarding
5081241,how to stop oil leak
8142618,how to change windows 10 log in password
4143705,what is market equilibrium in economics
293804,does term insurance comes under 80c
4149426,when was original columbian cutlery company established
5067683,how do i get copy of my car title in maryland?
8758942,why are donkey and elephants party images
7967527,does jocko willink drink
2011721,how to use po and opo
7209176,what causes your tongue to be white
8151212,how to use cell phone as a webcam
7226126,why does god love us so much
5082684,how to write project in lubricant additives
5079204,how to play cubecraft on tlauncher
8744769,what happens if soap gets in your mouth
8742334,what are the rules for installing a gas appliance?
5683377,when calls the heart 9 temporada
7211677,what is a j-code for medical
5076296,how to get a covid test in spain
2618805,why amt do not include my long term losses
3545295,how to restore thymus function
8750584,what tools did plague doctors use
5687680,which province has the highest vaccination rate
3543859,how to not show notes in powerpoint on zoom
6607751,how to clean or disinfect cauliflower | wash vegetables
476430,how to reverse park
5075149,how to display formula bar
5686668,which dream smp member is your sibling
5691261,why do rechargeable batteries lose charge
2602024,what are the ages of people dying from covid
8137112,how do you get all your tabs back
474632,how to make service pr in sap
2005621,how to get a photo to fit in a locket
8141052,how old was st paul when he was converted
5079082,how to pair a ps4 controller to pc
1827785,does voltaren work
6615977,how to use amazon credit reward
1827606,does rice contain sugar
8147782,how to measure toe in and toe out
7212109,what is affordable health care act
468485,how to add a shared mailbox in outlook
2010523,how to start a bank account at 16
6607536,how to check if you can vote
2602730,what color brings out blue eyes
1075301,what is the antibody treatment
7215795,what kind of house can a dentist afford
4143121,what is employees
5080881,how to setup new windows 10 pro computer
6602006,how do you feel after dry needling
1077129,what ship came to the titanic rescue
5078164,how to make a zip file hp
8149864,how to set up a vive vr headset
5684407,when was sticky tape invented
5074737,how to create new icloud account
7227213,why won't omegle use my camera
8151875,how water intensive is cotton
474326,how to make caramel with sugar
1073555,what is compulsory voting
3544180,how to play bloody valentine
4155741,why did leah and jason break up
3542204,how to improve translation quality
1086001,why 1961 ford engine 170 dies at 50 mph
6614258,how to reverse a string in excel
1827257,does gac have plans to make mysteries
